<application>
  <component name="FileTypeManager" version="17">
    <extensionMap>
      <mapping pattern="C:\Users\1464202\.m2\repository\org\apache\commons\commons-lang3\3.4" type="ARCHIVE" />
      <mapping ext="db" type="Native" />
      <mapping pattern="HcpTrustStore" type="PLAIN_TEXT" />
      <mapping pattern="singlefile.js" type="PLAIN_TEXT" />
      <mapping pattern="bizShip.js" type="PLAIN_TEXT" />
      <mapping ext="prod" type="PLAIN_TEXT" />
      <mapping ext="keystore" type="PLAIN_TEXT" />
      <mapping ext="config" type="PLAIN_TEXT" />
    </extensionMap>
  </component>
</application>