<application>
  <component name="UISettings">
    <option name="COLOR_BLINDNESS" value="deuteranopia" />
    <option name="FONT_FACE" value="Microsoft YaHei" />
    <option name="FONT_SCALE" value="1.25" />
    <option name="FONT_SIZE" value="14" />
    <option name="HIDE_TOOL_STRIPES" value="false" />
    <option name="MAX_LOOKUP_WIDTH2" value="546" />
    <option name="OVERRIDE_NONIDEA_LAF_FONTS" value="true" />
    <option name="SHOW_MAIN_TOOLBAR" value="true" />
  </component>
</application>